Series Name,Series Code,Country Name,Country Code,2000 [YR2000],2001 [YR2001],2002 [YR2002],2003 [YR2003],2004 [YR2004],2005 [YR2005],2006 [YR2006],2007 [YR2007],2008 [YR2008],2009 [YR2009],2010 [YR2010],2011 [YR2011],2012 [YR2012],2013 [YR2013],2014 [YR2014],2015 [YR2015],2016 [YR2016],2017 [YR2017],2018 [YR2018],2019 [YR2019],2020 [YR2020]
"PM2.5 air pollution, mean annual exposure (micrograms per cubic meter)",EN.ATM.PM25.MC.M3,Afghanistan,AFG,51.55453373,..,..,..,..,46.15192895,..,..,..,..,51.82178913,56.24722763,54.70023262,58.79165857,61.86532919,60.59701482,57.20370424,53.35536322,52.80462038,52.41704109,..
"PM2.5 air pollution, mean annual exposure (micrograms per cubic meter)",EN.ATM.PM25.MC.M3,Albania,ALB,24.30286936,..,..,..,..,22.16948971,..,..,..,..,21.63144957,23.414815,21.55597679,20.05028087,19.94217042,19.54397528,17.81730527,19.01906113,18.82011853,18.63878032,..
"PM2.5 air pollution, mean annual exposure (micrograms per cubic meter)",EN.ATM.PM25.MC.M3,Algeria,DZA,35.37684627,..,..,..,..,34.00185152,..,..,..,..,31.94215239,31.47118632,32.49110136,30.3495654,31.87523927,33.44000481,32.79009631,32.55274407,32.66295035,32.83308539,..
"PM2.5 air pollution, mean annual exposure (micrograms per cubic meter)",EN.ATM.PM25.MC.M3,American Samoa,ASM,5.899967661,..,..,..,..,6.073849362,..,..,..,..,5.822674196,5.495040024,5.582985487,5.575990242,5.977969295,6.029516789,6.543290084,6.339296397,6.35907699,6.300155035,..
"PM2.5 air pollution, mean annual exposure (micrograms per cubic meter)",EN.ATM.PM25.MC.M3,Andorra,AND,13.6184311,..,..,..,..,12.17828755,..,..,..,..,11.25750375,12.31364419,11.21333853,10.22088866,9.589170072,10.34568624,8.943875425,9.137722902,9.181820028,9.066401367,..
"PM2.5 air pollution, mean annual exposure (micrograms per cubic meter)",EN.ATM.PM25.MC.M3,Angola,AGO,28.13389466,..,..,..,..,28.31636067,..,..,..,..,28.62971853,28.8143365,29.11115709,29.20983831,28.23624771,29.1040242,29.17977414,28.0424247,28.50920176,28.4208104,..
"PM2.5 air pollution, mean annual exposure (micrograms per cubic meter)",EN.ATM.PM25.MC.M3,Antigua and Barbuda,ATG,18.17867165,..,..,..,..,16.5773788,..,..,..,..,16.89122391,16.08669375,16.78599453,16.94753609,16.48732491,18.14588457,17.6733477,17.18390999,17.5653142,17.59200058,..
"PM2.5 air pollution, mean annual exposure (micrograms per cubic meter)",EN.ATM.PM25.MC.M3,Argentina,ARG,14.16360006,..,..,..,..,13.29202423,..,..,..,..,13.7363052,14.18995612,13.35883878,14.70187086,13.77937715,14.58721171,14.11129971,13.61076539,13.63250289,13.51118918,..
"PM2.5 air pollution, mean annual exposure (micrograms per cubic meter)",EN.ATM.PM25.MC.M3,Armenia,ARM,31.07417312,..,..,..,..,31.92346789,..,..,..,..,35.39548583,39.93109313,40.53562091,38.4153887,38.00214063,37.38765045,34.24036582,34.90719855,34.03041055,33.65637939,..
"PM2.5 air pollution, mean annual exposure (micrograms per cubic meter)",EN.ATM.PM25.MC.M3,Aruba,ABW,..,..,..,..,..,..,..,..,..,..,..,..,..,..,..,..,..,..,..,..,..
"PM2.5 air pollution, mean annual exposure (micrograms per cubic meter)",EN.ATM.PM25.MC.M3,Australia,AUS,7.356627454,..,..,..,..,6.904730947,..,..,..,..,6.785235613,6.707494797,6.995491287,6.964302296,6.880050681,6.848476723,6.815366192,6.673638956,6.738086439,6.745497859,..
"PM2.5 air pollution, mean annual exposure (micrograms per cubic meter)",EN.ATM.PM25.MC.M3,Austria,AUT,17.30168358,..,..,..,..,16.47804063,..,..,..,..,15.7085395,16.0961842,14.50094818,14.50183038,12.81319702,13.35116934,12.30410306,11.96813105,12.31952644,12.16821803,..
"PM2.5 air pollution, mean annual exposure (micrograms per cubic meter)",EN.ATM.PM25.MC.M3,Azerbaijan,AZE,24.5397947,..,..,..,..,23.1507772,..,..,..,..,25.08164307,27.00590351,28.76775881,28.23862769,27.48496809,26.06618737,24.38549474,25.0632901,25.13594199,25.4950546,..
"PM2.5 air pollution, mean annual exposure (micrograms per cubic meter)",EN.ATM.PM25.MC.M3,"Bahamas, The",BHS,17.36915156,..,..,..,..,16.44163266,..,..,..,..,15.43740141,15.61181668,16.42049683,15.70876377,16.18216874,16.20392015,15.86345443,15.39542797,15.72864111,15.59065792,..
"PM2.5 air pollution, mean annual exposure (micrograms per cubic meter)",EN.ATM.PM25.MC.M3,Bahrain,BHR,63.07217982,..,..,..,..,66.59652745,..,..,..,..,63.75377018,65.33843793,68.07534915,64.28454239,59.51273914,66.36107967,61.64582457,61.67431284,60.43815811,59.21710593,..
"PM2.5 air pollution, mean annual exposure (micrograms per cubic meter)",EN.ATM.PM25.MC.M3,Bangladesh,BGD,53.74695817,..,..,..,..,55.06194439,..,..,..,..,56.41649854,60.5358739,68.94271136,66.42738113,73.27082296,68.97033719,67.7673598,62.75318316,63.27546257,63.4255285,..
"PM2.5 air pollution, mean annual exposure (micrograms per cubic meter)",EN.ATM.PM25.MC.M3,Barbados,BRB,22.09745927,..,..,..,..,19.76708368,..,..,..,..,19.93972371,19.16245671,20.0960981,20.12125502,20.19670971,21.94444639,21.08043284,20.92639263,21.26503022,21.34389367,..
"PM2.5 air pollution, mean annual exposure (micrograms per cubic meter)",EN.ATM.PM25.MC.M3,Belarus,BLR,21.8129049,..,..,..,..,21.00241299,..,..,..,..,22.09841962,19.55318145,18.88122818,19.78007712,20.21540632,18.50294397,16.71207883,16.40896425,16.50189248,16.42351285,..
"PM2.5 air pollution, mean annual exposure (micrograms per cubic meter)",EN.ATM.PM25.MC.M3,Belgium,BEL,17.64764194,..,..,..,..,15.83183972,..,..,..,..,16.88463686,16.14879057,15.11497046,14.23228565,12.83901513,13.20164452,12.37628991,12.82757618,12.76304285,12.6724532,..
"PM2.5 air pollution, mean annual exposure (micrograms per cubic meter)",EN.ATM.PM25.MC.M3,Belize,BLZ,22.6202028,..,..,..,..,21.00124164,..,..,..,..,18.69962284,21.04575637,19.6942048,22.42094081,21.65038865,22.05209141,21.08657207,20.95634663,21.26808522,21.17639652,..
"PM2.5 air pollution, mean annual exposure (micrograms per cubic meter)",EN.ATM.PM25.MC.M3,Benin,BEN,47.6135595,..,..,..,..,41.76793893,..,..,..,..,41.36262362,41.77270482,43.41596784,39.1788092,39.31147497,49.03490782,46.48119179,45.03636256,46.24556121,46.8584555,..
"PM2.5 air pollution, mean annual exposure (micrograms per cubic meter)",EN.ATM.PM25.MC.M3,Bermuda,BMU,8.413852372,..,..,..,..,7.845021263,..,..,..,..,7.093306446,6.862490575,6.830379818,6.487238908,6.882271843,7.007919722,7.455581683,7.195360215,7.154130038,7.069562328,..
"PM2.5 air pollution, mean annual exposure (micrograms per cubic meter)",EN.ATM.PM25.MC.M3,Bhutan,BTN,36.71562148,..,..,..,..,39.28993221,..,..,..,..,39.72804014,38.04491799,44.30762611,42.70851915,48.53903271,44.4829243,43.64904826,40.16357364,40.41256497,40.29859817,..
"PM2.5 air pollution, mean annual exposure (micrograms per cubic meter)",EN.ATM.PM25.MC.M3,Bolivia,BOL,29.95434417,..,..,..,..,27.56278704,..,..,..,..,30.99186302,27.93127669,27.74731988,26.09198709,27.64739605,28.74197769,27.56633411,27.1847545,27.01261068,26.83286559,..
"PM2.5 air pollution, mean annual exposure (micrograms per cubic meter)",EN.ATM.PM25.MC.M3,Bosnia and Herzegovina,BIH,38.18887373,..,..,..,..,35.95591128,..,..,..,..,34.36075673,38.14529617,34.47534031,32.95117432,31.60560208,32.86433955,28.77587802,29.92213704,29.93448538,29.46633319,..
"PM2.5 air pollution, mean annual exposure (micrograms per cubic meter)",EN.ATM.PM25.MC.M3,Botswana,BWA,24.03724388,..,..,..,..,24.43023197,..,..,..,..,26.14248485,26.54697541,26.62372992,25.67039823,25.16656494,26.15619973,25.20036677,24.88065732,24.91056457,24.71873626,..
"PM2.5 air pollution, mean annual exposure (micrograms per cubic meter)",EN.ATM.PM25.MC.M3,Brazil,BRA,14.59147229,..,..,..,..,14.56811401,..,..,..,..,14.0825006,14.6948008,13.78803347,13.15581696,13.00059985,11.69149461,11.42284509,11.66527298,11.62699706,11.65399121,..
"PM2.5 air pollution, mean annual exposure (micrograms per cubic meter)",EN.ATM.PM25.MC.M3,British Virgin Islands,VGB,..,..,..,..,..,..,..,..,..,..,..,..,..,..,..,..,..,..,..,..,..
"PM2.5 air pollution, mean annual exposure (micrograms per cubic meter)",EN.ATM.PM25.MC.M3,Brunei Darussalam,BRN,6.446695124,..,..,..,..,6.693596917,..,..,..,..,6.393486339,7.345177681,7.610637069,7.616318907,7.745818643,7.926244379,7.649925898,7.348749548,7.683014194,7.680643971,..
"PM2.5 air pollution, mean annual exposure (micrograms per cubic meter)",EN.ATM.PM25.MC.M3,Bulgaria,BGR,26.03477866,..,..,..,..,23.85248605,..,..,..,..,22.7674356,25.5775453,22.6468314,21.22186088,21.63806967,20.32357683,19.40617985,19.66415885,19.65003099,19.36594583,..
"PM2.5 air pollution, mean annual exposure (micrograms per cubic meter)",EN.ATM.PM25.MC.M3,Burkina Faso,BFA,54.88701913,..,..,..,..,54.9070878,..,..,..,..,54.03992338,51.23693236,54.18097152,47.34169055,48.4137269,60.27252262,56.2288836,53.53072599,53.64967602,53.67033962,..
"PM2.5 air pollution, mean annual exposure (micrograms per cubic meter)",EN.ATM.PM25.MC.M3,Burundi,BDI,36.18281228,..,..,..,..,33.64156521,..,..,..,..,33.17087207,35.29849847,37.10546174,35.06835865,34.92429065,35.79366221,35.48687315,32.8625076,33.76642862,33.27977863,..
"PM2.5 air pollution, mean annual exposure (micrograms per cubic meter)",EN.ATM.PM25.MC.M3,Cabo Verde,CPV,50.90455589,..,..,..,..,42.85174163,..,..,..,..,34.11058979,46.89453877,52.29133025,42.89778424,39.18447447,53.84034644,47.92595122,52.61609912,50.05668918,51.11721004,..
"PM2.5 air pollution, mean annual exposure (micrograms per cubic meter)",EN.ATM.PM25.MC.M3,Cambodia,KHM,27.44127631,..,..,..,..,29.35286761,..,..,..,..,28.99049207,24.76841347,24.96952852,28.06749912,24.24631214,24.05520361,24.82502572,22.01765339,22.29493219,22.1120864,..
"PM2.5 air pollution, mean annual exposure (micrograms per cubic meter)",EN.ATM.PM25.MC.M3,Cameroon,CMR,67.41490186,..,..,..,..,61.29110011,..,..,..,..,59.4274705,58.86976922,61.32736378,56.76664192,56.35775552,69.51058018,65.0564255,62.3153609,63.83099556,64.47088106,..
"PM2.5 air pollution, mean annual exposure (micrograms per cubic meter)",EN.ATM.PM25.MC.M3,Canada,CAN,9.200371951,..,..,..,..,9.020255828,..,..,..,..,7.884019371,7.340076929,7.600495484,7.275026619,7.492005176,7.279802012,6.205823409,7.281874712,7.07877626,7.100156005,..
"PM2.5 air pollution, mean annual exposure (micrograms per cubic meter)",EN.ATM.PM25.MC.M3,Cayman Islands,CYM,..,..,..,..,..,..,..,..,..,..,..,..,..,..,..,..,..,..,..,..,..
"PM2.5 air pollution, mean annual exposure (micrograms per cubic meter)",EN.ATM.PM25.MC.M3,Central African Republic,CAF,45.264541,..,..,..,..,41.7241462,..,..,..,..,43.8549236,46.92326876,47.17214767,44.7263164,42.4180555,48.22091955,45.52426043,44.3882319,46.10881594,46.3767539,..
"PM2.5 air pollution, mean annual exposure (micrograms per cubic meter)",EN.ATM.PM25.MC.M3,Chad,TCD,60.26263791,..,..,..,..,59.44666881,..,..,..,..,57.53023063,58.78662177,59.8616705,55.79298325,53.37526383,63.96919397,59.85638516,59.52255694,59.20016634,59.2825236,..
"PM2.5 air pollution, mean annual exposure (micrograms per cubic meter)",EN.ATM.PM25.MC.M3,Channel Islands,CHI,..,..,..,..,..,..,..,..,..,..,..,..,..,..,..,..,..,..,..,..,..
"PM2.5 air pollution, mean annual exposure (micrograms per cubic meter)",EN.ATM.PM25.MC.M3,Chile,CHL,22.20915288,..,..,..,..,21.10676982,..,..,..,..,21.13580447,22.4347061,21.42944248,22.96134961,22.30595213,23.55853654,23.76052341,21.93712901,22.72046987,22.76585719,..
"PM2.5 air pollution, mean annual exposure (micrograms per cubic meter)",EN.ATM.PM25.MC.M3,China,CHN,50.76470176,..,..,..,..,51.55204637,..,..,..,..,53.28667651,58.40555752,58.90513577,63.28657095,60.26956062,56.20412426,51.58657201,49.92778443,49.27568382,47.67263439,..
"PM2.5 air pollution, mean annual exposure (micrograms per cubic meter)",EN.ATM.PM25.MC.M3,Colombia,COL,28.35304869,..,..,..,..,23.55652816,..,..,..,..,25.0816067,25.94720366,23.4265212,24.2848162,23.85881131,22.92043409,22.72386043,22.0407325,22.11926649,22.01072747,..
"PM2.5 air pollution, mean annual exposure (micrograms per cubic meter)",EN.ATM.PM25.MC.M3,Comoros,COM,17.57244296,..,..,..,..,17.37458137,..,..,..,..,17.12974601,17.91529648,17.34428608,17.73411712,17.0517918,17.9161831,17.31528735,16.63714372,17.18012088,17.15567571,..
"PM2.5 air pollution, mean annual exposure (micrograms per cubic meter)",EN.ATM.PM25.MC.M3,"Congo, Dem. Rep.",COD,39.65498549,..,..,..,..,35.92843565,..,..,..,..,35.88052514,36.98630498,39.0123562,38.18559351,36.66375068,40.27107846,37.9286139,35.59581848,36.47254408,35.86088793,..
"PM2.5 air pollution, mean annual exposure (micrograms per cubic meter)",EN.ATM.PM25.MC.M3,"Congo, Rep.",COG,38.54485822,..,..,..,..,36.89651998,..,..,..,..,38.03920932,38.52385349,39.05647597,41.03303244,38.07507474,41.60345611,40.36513118,38.36895785,39.50958584,39.30341272,..
"PM2.5 air pollution, mean annual exposure (micrograms per cubic meter)",EN.ATM.PM25.MC.M3,Costa Rica,CRI,17.96339577,..,..,..,..,18.192241,..,..,..,..,18.10693704,19.56315996,18.87125053,19.18037888,18.28090193,18.5648497,17.90242599,17.43892166,17.52546596,17.42174135,..
"PM2.5 air pollution, mean annual exposure (micrograms per cubic meter)",EN.ATM.PM25.MC.M3,Cote d'Ivoire,CIV,59.88341803,..,..,..,..,56.69825521,..,..,..,..,50.91110203,56.51620975,56.69822576,48.79181091,48.05276242,63.41107876,61.24645868,55.04316481,55.59821808,55.62337378,..
"PM2.5 air pollution, mean annual exposure (micrograms per cubic meter)",EN.ATM.PM25.MC.M3,Croatia,HRV,23.65186739,..,..,..,..,23.07265013,..,..,..,..,21.21532951,23.24147685,20.57402212,20.04200652,19.54244679,19.94360466,17.72824296,18.34290048,18.62479372,18.46495986,..
"PM2.5 air pollution, mean annual exposure (micrograms per cubic meter)",EN.ATM.PM25.MC.M3,Cuba,CUB,20.69946783,..,..,..,..,19.00076003,..,..,..,..,18.07248309,18.92277826,19.05070976,19.19138531,19.5657393,20.0554292,19.35410515,18.38056914,18.21883434,17.72659724,..
"PM2.5 air pollution, mean annual exposure (micrograms per cubic meter)",EN.ATM.PM25.MC.M3,Curacao,CUW,..,..,..,..,..,..,..,..,..,..,..,..,..,..,..,..,..,..,..,..,..
"PM2.5 air pollution, mean annual exposure (micrograms per cubic meter)",EN.ATM.PM25.MC.M3,Cyprus,CYP,18.48744599,..,..,..,..,17.96776089,..,..,..,..,18.80666676,18.49284254,16.81350235,16.29507954,16.41203304,17.13237684,14.41331917,15.1441739,15.58861663,15.57380293,..
"PM2.5 air pollution, mean annual exposure (micrograms per cubic meter)",EN.ATM.PM25.MC.M3,Czechia,CZE,21.41269573,..,..,..,..,20.87395739,..,..,..,..,20.48778139,20.7873617,19.04740747,18.71154684,18.16896079,17.63788699,16.71289546,16.73176229,16.96278201,16.75140093,..
"PM2.5 air pollution, mean annual exposure (micrograms per cubic meter)",EN.ATM.PM25.MC.M3,Denmark,DNK,14.54206031,..,..,..,..,13.09783363,..,..,..,..,13.29038466,13.56725749,10.82992224,10.4485287,11.03144858,10.16512436,9.286433949,10.28076623,9.868317849,9.785959755,..
"PM2.5 air pollution, mean annual exposure (micrograms per cubic meter)",EN.ATM.PM25.MC.M3,Djibouti,DJI,42.5053916,..,..,..,..,39.76661984,..,..,..,..,42.00889257,45.33865903,47.01194744,46.26029567,42.85562418,44.89784611,43.47619484,43.66118465,43.39312927,43.16577438,..
"PM2.5 air pollution, mean annual exposure (micrograms per cubic meter)",EN.ATM.PM25.MC.M3,Dominica,DMA,19.15179877,..,..,..,..,17.52865528,..,..,..,..,17.6150034,16.88759795,17.78294307,17.79640821,17.49910192,19.2530028,18.53218593,18.1758119,18.56540278,18.60844325,..
"PM2.5 air pollution, mean annual exposure (micrograms per cubic meter)",EN.ATM.PM25.MC.M3,Dominican Republic,DOM,17.97651855,..,..,..,..,17.47346106,..,..,..,..,16.76999522,16.21392774,16.98500632,16.85065699,17.44234007,18.22650845,17.77201952,17.74186912,17.73840139,17.72938154,..
"PM2.5 air pollution, mean annual exposure (micrograms per cubic meter)",EN.ATM.PM25.MC.M3,Ecuador,ECU,18.79918179,..,..,..,..,19.62900732,..,..,..,..,21.29437515,19.5062242,20.88473743,19.99272951,20.83237429,20.91779236,20.71374205,19.21356831,20.05559153,19.97447395,..
"PM2.5 air pollution, mean annual exposure (micrograms per cubic meter)",EN.ATM.PM25.MC.M3,"Egypt, Arab Rep.",EGY,69.84884709,..,..,..,..,69.6572716,..,..,..,..,78.51079086,69.78315269,69.70422324,74.75519581,72.02485383,73.13098828,66.74703838,66.95918516,68.47289608,67.88817813,..
"PM2.5 air pollution, mean annual exposure (micrograms per cubic meter)",EN.ATM.PM25.MC.M3,El Salvador,SLV,30.14238869,..,..,..,..,24.81827804,..,..,..,..,24.2580053,28.62940035,25.40130599,26.89077892,24.42849717,25.55917474,23.50688297,23.11248633,22.74562226,22.32472418,..
"PM2.5 air pollution, mean annual exposure (micrograms per cubic meter)",EN.ATM.PM25.MC.M3,Equatorial Guinea,GNQ,46.84866156,..,..,..,..,40.2537776,..,..,..,..,40.0552493,41.37893343,39.74657182,39.40271655,39.10904578,47.84805559,46.74295432,42.80037217,44.88882315,45.28465901,..
"PM2.5 air pollution, mean annual exposure (micrograms per cubic meter)",EN.ATM.PM25.MC.M3,Eritrea,ERI,44.91584852,..,..,..,..,42.13880224,..,..,..,..,43.29440019,43.39379676,44.54206936,44.70930865,39.15059178,43.06823697,41.32723515,43.85000214,43.4782267,44.07053957,..
"PM2.5 air pollution, mean annual exposure (micrograms per cubic meter)",EN.ATM.PM25.MC.M3,Estonia,EST,8.43278366,..,..,..,..,8.36496091,..,..,..,..,8.648386553,7.749831914,7.484387015,7.541812181,8.097020858,6.563380324,6.517719719,5.683914429,5.985799478,5.893562381,..
"PM2.5 air pollution, mean annual exposure (micrograms per cubic meter)",EN.ATM.PM25.MC.M3,Eswatini,SWZ,24.84005617,..,..,..,..,23.11401387,..,..,..,..,23.88204643,23.07978384,23.42327297,23.37482286,23.10280385,23.45888757,22.08084937,23.41488293,23.18486991,23.34521196,..
"PM2.5 air pollution, mean annual exposure (micrograms per cubic meter)",EN.ATM.PM25.MC.M3,Ethiopia,ETH,30.87949696,..,..,..,..,31.47408068,..,..,..,..,34.02327199,34.91967839,35.57819849,35.36549106,32.99059157,34.42531071,33.61502933,33.94832602,33.85373372,33.7807199,..
"PM2.5 air pollution, mean annual exposure (micrograms per cubic meter)",EN.ATM.PM25.MC.M3,Faroe Islands,FRO,..,..,..,..,..,..,..,..,..,..,..,..,..,..,..,..,..,..,..,..,..
"PM2.5 air pollution, mean annual exposure (micrograms per cubic meter)",EN.ATM.PM25.MC.M3,Fiji,FJI,10.99824794,..,..,..,..,11.098569,..,..,..,..,10.93396761,10.98057046,10.99967408,11.14022253,10.73278375,10.62224564,11.08714633,11.06543703,10.98446945,10.9932094,..
"PM2.5 air pollution, mean annual exposure (micrograms per cubic meter)",EN.ATM.PM25.MC.M3,Finland,FIN,7.505004878,..,..,..,..,7.114175404,..,..,..,..,7.205869088,7.018955644,6.363062222,5.983816655,6.373112438,5.62877844,5.589432223,5.257788389,5.596788665,5.565330197,..
"PM2.5 air pollution, mean annual exposure (micrograms per cubic meter)",EN.ATM.PM25.MC.M3,France,FRA,16.07573118,..,..,..,..,14.89539999,..,..,..,..,15.07698542,14.99131566,13.68529611,13.61154039,11.58971968,12.30792454,11.4918237,11.43000879,11.53704439,11.40575038,..
"PM2.5 air pollution, mean annual exposure (micrograms per cubic meter)",EN.ATM.PM25.MC.M3,French Polynesia,PYF,..,..,..,..,..,..,..,..,..,..,..,..,..,..,..,..,..,..,..,..,..
"PM2.5 air pollution, mean annual exposure (micrograms per cubic meter)",EN.ATM.PM25.MC.M3,Gabon,GAB,37.1754755,..,..,..,..,34.34349626,..,..,..,..,35.45526085,36.03479593,34.93156522,37.16684022,34.1318172,39.73197591,39.0009896,35.36985071,36.93641776,36.74675483,..
"PM2.5 air pollution, mean annual exposure (micrograms per cubic meter)",EN.ATM.PM25.MC.M3,"Gambia, The",GMB,59.47831452,..,..,..,..,55.3530761,..,..,..,..,54.96105771,56.9350963,62.12654192,51.51717091,53.61781493,61.80443087,57.52369277,61.41990384,58.00293314,58.08072376,..
"PM2.5 air pollution, mean annual exposure (micrograms per cubic meter)",EN.ATM.PM25.MC.M3,Georgia,GEO,17.21162364,..,..,..,..,16.51679403,..,..,..,..,17.80213302,19.82880145,20.13867477,19.58915924,19.38130856,18.48419633,17.68579608,18.02704398,17.81426399,17.85586499,..
"PM2.5 air pollution, mean annual exposure (micrograms per cubic meter)",EN.ATM.PM25.MC.M3,Germany,DEU,16.43916499,..,..,..,..,15.08202344,..,..,..,..,16.08934354,15.57511307,13.8086903,13.57835046,12.24528447,12.72693664,11.77992518,11.88161987,11.92460308,11.80580716,..
"PM2.5 air pollution, mean annual exposure (micrograms per cubic meter)",EN.ATM.PM25.MC.M3,Ghana,GHA,60.34547396,..,..,..,..,52.84830506,..,..,..,..,50.08807979,53.47816985,54.52706673,47.78909296,46.9526973,60.48227972,59.661617,55.93672757,54.23685549,53.98926008,..
"PM2.5 air pollution, mean annual exposure (micrograms per cubic meter)",EN.ATM.PM25.MC.M3,Gibraltar,GIB,..,..,..,..,..,..,..,..,..,..,..,..,..,..,..,..,..,..,..,..,..
"PM2.5 air pollution, mean annual exposure (micrograms per cubic meter)",EN.ATM.PM25.MC.M3,Greece,GRC,20.71409122,..,..,..,..,19.15743208,..,..,..,..,19.06202926,19.73341964,17.37070897,16.69353,15.72743666,16.04385798,14.46980163,14.43912017,14.51537033,14.2538714,..
"PM2.5 air pollution, mean annual exposure (micrograms per cubic meter)",EN.ATM.PM25.MC.M3,Greenland,GRL,6.321862093,..,..,..,..,6.361755729,..,..,..,..,6.028100954,5.785407287,6.13427501,6.082991842,6.378015917,6.226964273,6.472452957,6.616395462,6.515998783,6.462977097,..
"PM2.5 air pollution, mean annual exposure (micrograms per cubic meter)",EN.ATM.PM25.MC.M3,Grenada,GRD,21.81550263,..,..,..,..,19.66107509,..,..,..,..,19.82709385,19.10315605,20.0647388,20.08742225,20.26503477,21.94013568,21.17807748,21.00966255,21.38302419,21.48591655,..
"PM2.5 air pollution, mean annual exposure (micrograms per cubic meter)",EN.ATM.PM25.MC.M3,Guam,GUM,7.819470772,..,..,..,..,7.53353071,..,..,..,..,7.184061682,6.859106867,6.884723871,7.840641715,7.432922337,10.04977671,8.340218624,7.745768475,8.252069387,8.221834725,..
"PM2.5 air pollution, mean annual exposure (micrograms per cubic meter)",EN.ATM.PM25.MC.M3,Guatemala,GTM,35.86654107,..,..,..,..,29.198214,..,..,..,..,28.87738634,32.544288,30.32467663,32.24187476,29.42704565,30.94349566,29.17182245,27.81052009,28.02331277,27.64788197,..
"PM2.5 air pollution, mean annual exposure (micrograms per cubic meter)",EN.ATM.PM25.MC.M3,Guinea,GIN,53.0035338,..,..,..,..,50.87115318,..,..,..,..,51.07018507,51.94689259,52.85547204,45.97257249,48.19905641,56.21359737,53.58936352,53.48751596,52.44233437,52.51253174,..
"PM2.5 air pollution, mean annual exposure (micrograms per cubic meter)",EN.ATM.PM25.MC.M3,Guinea-Bissau,GNB,56.42631336,..,..,..,..,52.66763856,..,..,..,..,52.80501579,53.95598891,56.80371059,47.569479,49.37871651,57.5086131,54.0903092,57.49587976,54.03820301,54.06829369,..
"PM2.5 air pollution, mean annual exposure (micrograms per cubic meter)",EN.ATM.PM25.MC.M3,Guyana,GUY,26.43412436,..,..,..,..,22.24598196,..,..,..,..,21.69833304,20.95555676,22.32520255,21.66481921,21.30120727,22.92175634,22.33097583,21.43446346,20.8255222,20.10090382,..
"PM2.5 air pollution, mean annual exposure (micrograms per cubic meter)",EN.ATM.PM25.MC.M3,Haiti,HTI,19.58669508,..,..,..,..,18.63563931,..,..,..,..,18.05516481,17.73545429,18.54325277,18.71624801,19.17668414,19.88014557,19.14929749,19.12974699,19.14097132,19.03230796,..
"PM2.5 air pollution, mean annual exposure (micrograms per cubic meter)",EN.ATM.PM25.MC.M3,Honduras,HND,27.53958991,..,..,..,..,25.50601519,..,..,..,..,24.06241788,28.6901789,25.51904301,28.04343945,25.60894093,26.72226603,24.75521888,22.74896563,23.36239296,22.87512366,..
"PM2.5 air pollution, mean annual exposure (micrograms per cubic meter)",EN.ATM.PM25.MC.M3,"Hong Kong SAR, China",HKG,..,..,..,..,..,..,..,..,..,..,..,..,..,..,..,..,..,..,..,..,..
"PM2.5 air pollution, mean annual exposure (micrograms per cubic meter)",EN.ATM.PM25.MC.M3,Hungary,HUN,21.3395071,..,..,..,..,20.28580736,..,..,..,..,20.010989,20.74074009,18.42206445,17.48896034,17.52501676,17.54829004,15.73414047,16.57651016,16.63089611,16.49434933,..
"PM2.5 air pollution, mean annual exposure (micrograms per cubic meter)",EN.ATM.PM25.MC.M3,Iceland,ISL,6.862278769,..,..,..,..,6.649553492,..,..,..,..,6.595638323,6.809186658,6.191914657,6.091801055,5.939603293,5.833587216,5.436588878,5.709265082,5.690458273,5.698616135,..
"PM2.5 air pollution, mean annual exposure (micrograms per cubic meter)",EN.ATM.PM25.MC.M3,India,IND,70.47513018,..,..,..,..,70.80607699,..,..,..,..,76.67834222,79.99719051,86.38168408,89.45226202,95.24264397,88.44512429,92.23194665,81.81164804,83.04086375,83.19931634,..
"PM2.5 air pollution, mean annual exposure (micrograms per cubic meter)",EN.ATM.PM25.MC.M3,Indonesia,IDN,23.34531803,..,..,..,..,21.75442599,..,..,..,..,22.31721025,18.94685133,20.06768554,20.01905868,18.89054816,19.92482789,21.15210797,18.55575927,19.11325719,19.37146134,..
"PM2.5 air pollution, mean annual exposure (micrograms per cubic meter)",EN.ATM.PM25.MC.M3,"Iran, Islamic Rep.",IRN,39.70649376,..,..,..,..,38.35606228,..,..,..,..,41.37853622,42.55901964,41.48378839,41.23888443,39.85297971,40.89116772,39.84131218,38.9645715,38.60762301,38.01508315,..
"PM2.5 air pollution, mean annual exposure (micrograms per cubic meter)",EN.ATM.PM25.MC.M3,Iraq,IRQ,50.92544334,..,..,..,..,50.85365062,..,..,..,..,57.24593137,53.98373198,53.54775973,51.54630059,47.58535292,53.09642572,50.08978666,50.02941919,49.14829956,48.46825216,..
"PM2.5 air pollution, mean annual exposure (micrograms per cubic meter)",EN.ATM.PM25.MC.M3,Ireland,IRL,11.0279213,..,..,..,..,10.4600038,..,..,..,..,9.902931522,10.06939194,9.157206628,8.786223954,8.522230711,8.381681865,7.838263466,7.664546609,7.916850375,7.854094218,..
"PM2.5 air pollution, mean annual exposure (micrograms per cubic meter)",EN.ATM.PM25.MC.M3,Isle of Man,IMN,..,..,..,..,..,..,..,..,..,..,..,..,..,..,..,..,..,..,..,..,..
"PM2.5 air pollution, mean annual exposure (micrograms per cubic meter)",EN.ATM.PM25.MC.M3,Israel,ISR,23.32743848,..,..,..,..,23.26803051,..,..,..,..,24.98858454,24.70951301,22.35572158,23.00431254,21.76878839,22.51370748,18.85915608,20.20136227,20.05327737,19.75989688,..
"PM2.5 air pollution, mean annual exposure (micrograms per cubic meter)",EN.ATM.PM25.MC.M3,Italy,ITA,24.24042054,..,..,..,..,21.57351808,..,..,..,..,20.29490103,21.4270346,18.84991698,18.13743581,17.10725238,18.04119054,15.75652778,16.09761447,16.26524128,16.08828133,..
"PM2.5 air pollution, mean annual exposure (micrograms per cubic meter)",EN.ATM.PM25.MC.M3,Jamaica,JAM,15.00473993,..,..,..,..,15.37177139,..,..,..,..,14.88750421,14.11539401,14.82105006,14.95906723,15.50872429,15.75409904,15.38590695,15.41666418,15.3714762,15.28940246,..
"PM2.5 air pollution, mean annual exposure (micrograms per cubic meter)",EN.ATM.PM25.MC.M3,Japan,JPN,12.79177676,..,..,..,..,12.05741833,..,..,..,..,11.52530862,12.67886893,13.106628,13.36533634,13.71386106,13.40887797,13.35633595,13.570691,13.47597168,13.46980666,..
"PM2.5 air pollution, mean annual exposure (micrograms per cubic meter)",EN.ATM.PM25.MC.M3,Jordan,JOR,29.1775103,..,..,..,..,33.33893938,..,..,..,..,35.89120302,33.72917392,33.23273929,35.54875145,33.92842262,35.43994788,32.03573347,32.5078793,31.45267441,30.64558855,..
"PM2.5 air pollution, mean annual exposure (micrograms per cubic meter)",EN.ATM.PM25.MC.M3,Kazakhstan,KAZ,18.03449697,..,..,..,..,17.53591329,..,..,..,..,18.97825386,22.31865641,24.00908326,22.85330812,21.45655621,20.51355436,20.86881423,20.10344809,20.25210336,20.29485447,..
"PM2.5 air pollution, mean annual exposure (micrograms per cubic meter)",EN.ATM.PM25.MC.M3,Kenya,KEN,25.47181528,..,..,..,..,23.2584201,..,..,..,..,26.8091823,28.78168174,29.07804791,28.08814029,27.25581094,28.08947284,26.88967903,25.06403775,23.28569035,21.61458718,..
"PM2.5 air pollution, mean annual exposure (micrograms per cubic meter)",EN.ATM.PM25.MC.M3,Kiribati,KIR,10.06469304,..,..,..,..,10.27696685,..,..,..,..,9.806587652,9.763735686,9.70650164,9.738884647,9.287738199,9.097105532,9.691195176,9.564153332,9.484560864,9.468882294,..
"PM2.5 air pollution, mean annual exposure (micrograms per cubic meter)",EN.ATM.PM25.MC.M3,"Korea, Dem. People's Rep.",PRK,40.4530048,..,..,..,..,40.67379917,..,..,..,..,38.71368093,44.5453414,45.41253543,49.82200792,49.15322338,47.15602971,42.7322875,42.74423807,44.30760137,44.32957478,..
"PM2.5 air pollution, mean annual exposure (micrograms per cubic meter)",EN.ATM.PM25.MC.M3,"Korea, Rep.",KOR,24.22215497,..,..,..,..,23.59097074,..,..,..,..,22.85407832,25.45681317,25.79816942,27.53881372,28.1810993,26.97657307,27.80560684,26.88210754,27.43635201,27.44033926,..
"PM2.5 air pollution, mean annual exposure (micrograms per cubic meter)",EN.ATM.PM25.MC.M3,Kosovo,XKX,..,..,..,..,..,..,..,..,..,..,..,..,..,..,..,..,..,..,..,..,..
"PM2.5 air pollution, mean annual exposure (micrograms per cubic meter)",EN.ATM.PM25.MC.M3,Kuwait,KWT,63.06021564,..,..,..,..,65.2862992,..,..,..,..,66.2493716,67.97715751,69.2648667,66.7946724,57.02947492,66.14461017,61.00890885,63.39850808,61.4947645,60.96648013,..
"PM2.5 air pollution, mean annual exposure (micrograms per cubic meter)",EN.ATM.PM25.MC.M3,Kyrgyz Republic,KGZ,24.55999538,..,..,..,..,22.57651105,..,..,..,..,23.28809126,27.72189651,27.65705871,28.77509614,26.29792566,25.33994116,24.71003894,24.09670211,24.22386133,24.07288994,..
"PM2.5 air pollution, mean annual exposure (micrograms per cubic meter)",EN.ATM.PM25.MC.M3,Lao PDR,LAO,25.38939064,..,..,..,..,25.8689361,..,..,..,..,26.37801788,21.75888724,22.99309691,24.66969698,21.54907826,20.78189635,23.40354416,19.26088509,20.50574635,20.54733513,..
"PM2.5 air pollution, mean annual exposure (micrograms per cubic meter)",EN.ATM.PM25.MC.M3,Latvia,LVA,17.24708544,..,..,..,..,17.02533531,..,..,..,..,18.08881031,15.79757359,15.24810165,15.55702788,16.19572343,13.78739916,12.896183,11.78077521,12.208934,12.01165835,..
"PM2.5 air pollution, mean annual exposure (micrograms per cubic meter)",EN.ATM.PM25.MC.M3,Lebanon,LBN,27.94067585,..,..,..,..,28.8068316,..,..,..,..,32.37350564,30.2100053,29.24608686,31.07383788,31.01273397,31.74939856,29.33919611,29.10177799,29.3218817,28.96029994,..
"PM2.5 air pollution, mean annual exposure (micrograms per cubic meter)",EN.ATM.PM25.MC.M3,Lesotho,LSO,30.37208717,..,..,..,..,27.37260881,..,..,..,..,32.62987189,32.67711249,32.54599663,31.82818232,32.68274398,32.06282777,31.39956031,29.79040935,28.73518151,27.52281327,..
"PM2.5 air pollution, mean annual exposure (micrograms per cubic meter)",EN.ATM.PM25.MC.M3,Liberia,LBR,50.11199831,..,..,..,..,51.11912488,..,..,..,..,44.46963149,51.31718502,49.16699824,44.1458674,45.00740159,55.99663296,54.71186915,48.31232523,50.40175469,50.59973692,..
"PM2.5 air pollution, mean annual exposure (micrograms per cubic meter)",EN.ATM.PM25.MC.M3,Libya,LBY,39.6695789,..,..,..,..,43.8599594,..,..,..,..,48.07737731,40.00846258,37.51566204,43.22205102,39.66495649,39.74162327,40.85182106,37.83073851,38.94887339,38.59119845,..
"PM2.5 air pollution, mean annual exposure (micrograms per cubic meter)",EN.ATM.PM25.MC.M3,Liechtenstein,LIE,..,..,..,..,..,..,..,..,..,..,..,..,..,..,..,..,..,..,..,..,..
"PM2.5 air pollution, mean annual exposure (micrograms per cubic meter)",EN.ATM.PM25.MC.M3,Lithuania,LTU,14.35994595,..,..,..,..,14.05574145,..,..,..,..,14.70448134,12.99478901,13.0260807,13.0277502,13.3329535,11.80372346,10.78161948,10.19686116,10.48238618,10.37350411,..
"PM2.5 air pollution, mean annual exposure (micrograms per cubic meter)",EN.ATM.PM25.MC.M3,Luxembourg,LUX,13.12933947,..,..,..,..,12.52862468,..,..,..,..,13.18124791,12.84812551,11.49788129,11.90044543,10.15031354,10.61470309,9.921704411,9.845420415,10.13585944,10.06890585,..
"PM2.5 air pollution, mean annual exposure (micrograms per cubic meter)",EN.ATM.PM25.MC.M3,"Macao SAR, China",MAC,..,..,..,..,..,..,..,..,..,..,..,..,..,..,..,..,..,..,..,..,..
"PM2.5 air pollution, mean annual exposure (micrograms per cubic meter)",EN.ATM.PM25.MC.M3,Madagascar,MDG,17.23831043,..,..,..,..,17.76292144,..,..,..,..,19.00867131,20.09269248,19.17912129,19.70239888,19.25843878,20.16731825,19.34634864,18.00806439,18.27047187,17.8593854,..
"PM2.5 air pollution, mean annual exposure (micrograms per cubic meter)",EN.ATM.PM25.MC.M3,Malawi,MWI,25.08789463,..,..,..,..,24.53315863,..,..,..,..,25.76200797,27.1748805,27.1977447,26.47693677,26.83022559,27.06821686,26.05141291,23.9485906,23.47253554,22.34665143,..
"PM2.5 air pollution, mean annual exposure (micrograms per cubic meter)",EN.ATM.PM25.MC.M3,Malaysia,MYS,20.58290419,..,..,..,..,20.10216491,..,..,..,..,18.24105197,17.31553828,18.18110773,18.5277661,17.22079966,18.12386202,16.75819034,16.4374241,16.46084288,16.59099631,..
"PM2.5 air pollution, mean annual exposure (micrograms per cubic meter)",EN.ATM.PM25.MC.M3,Maldives,MDV,14.10382753,..,..,..,..,13.30959933,..,..,..,..,13.74643253,12.28813159,12.8234432,12.45355352,11.10396316,10.19679349,12.10828489,11.16442084,10.89985209,10.94405416,..
"PM2.5 air pollution, mean annual exposure (micrograms per cubic meter)",EN.ATM.PM25.MC.M3,Mali,MLI,60.98426266,..,..,..,..,59.6884795,..,..,..,..,62.42665398,58.97191431,63.43015874,52.78016724,56.00353617,65.82960573,60.61509832,61.60379119,60.53457655,60.62414043,..
"PM2.5 air pollution, mean annual exposure (micrograms per cubic meter)",EN.ATM.PM25.MC.M3,Malta,MLT,16.00051716,..,..,..,..,15.31761524,..,..,..,..,17.53479836,16.1746136,14.08691429,13.32212417,13.75861976,13.4950264,12.8402408,12.50133169,13.0359469,12.9910498,..
"PM2.5 air pollution, mean annual exposure (micrograms per cubic meter)",EN.ATM.PM25.MC.M3,Marshall Islands,MHL,9.983340643,..,..,..,..,10.02699513,..,..,..,..,9.71516679,9.446098507,9.279395317,9.377626462,9.02903083,9.019559314,9.075500701,9.153255835,9.066089264,9.044039796,..
"PM2.5 air pollution, mean annual exposure (micrograms per cubic meter)",EN.ATM.PM25.MC.M3,Mauritania,MRT,71.87885097,..,..,..,..,65.2745712,..,..,..,..,64.4872204,65.66767722,70.24164945,60.78226417,60.59257285,71.46707421,66.48828292,69.63359465,66.65394242,66.8117824,..
"PM2.5 air pollution, mean annual exposure (micrograms per cubic meter)",EN.ATM.PM25.MC.M3,Mauritius,MUS,14.87889667,..,..,..,..,16.20307148,..,..,..,..,15.01183272,15.01177506,14.84558426,15.17960022,15.00618829,14.98251518,14.86280357,14.81559572,14.92622738,14.91383169,..
"PM2.5 air pollution, mean annual exposure (micrograms per cubic meter)",EN.ATM.PM25.MC.M3,Mexico,MEX,30.40916722,..,..,..,..,23.14446696,..,..,..,..,21.61912278,24.71743397,22.81352392,23.60777306,22.03917349,22.11412862,21.27024268,20.4160723,20.39335761,20.12401203,..
"PM2.5 air pollution, mean annual exposure (micrograms per cubic meter)",EN.ATM.PM25.MC.M3,"Micronesia, Fed. Sts.",FSM,11.05677923,..,..,..,..,10.89265862,..,..,..,..,10.52119627,10.37657887,10.26183249,10.70325232,10.19444017,11.72674947,10.25635183,10.1509403,10.39904238,10.38285056,..
"PM2.5 air pollution, mean annual exposure (micrograms per cubic meter)",EN.ATM.PM25.MC.M3,Moldova,MDA,19.14252217,..,..,..,..,18.4986738,..,..,..,..,18.25907358,18.15842605,17.99705557,17.57367294,16.41710187,16.12818151,14.73766469,13.38884186,13.90585086,13.74739724,..
"PM2.5 air pollution, mean annual exposure (micrograms per cubic meter)",EN.ATM.PM25.MC.M3,Monaco,MCO,16.23181088,..,..,..,..,15.10886171,..,..,..,..,14.31510805,15.57817932,13.90302297,13.01598782,11.93351121,13.056853,11.42922219,11.51508073,11.75642502,11.66888949,..
"PM2.5 air pollution, mean annual exposure (micrograms per cubic meter)",EN.ATM.PM25.MC.M3,Mongolia,MNG,27.08689915,..,..,..,..,25.01117947,..,..,..,..,30.13551628,37.96566722,40.46590396,37.88969103,34.76350533,37.15549626,39.37772018,35.95616844,37.47248859,38.05757134,..
"PM2.5 air pollution, mean annual exposure (micrograms per cubic meter)",EN.ATM.PM25.MC.M3,Montenegro,MNE,28.40976142,..,..,..,..,25.70762668,..,..,..,..,25.15673695,27.80248173,26.06008923,24.01188607,23.74483028,23.35826543,21.21821429,21.91565485,21.67742225,21.25685256,..
"PM2.5 air pollution, mean annual exposure (micrograms per cubic meter)",EN.ATM.PM25.MC.M3,Morocco,MAR,32.24000904,..,..,..,..,32.57264648,..,..,..,..,32.91817527,31.56370096,30.42396929,29.38557188,29.40059385,32.08758908,30.88602135,34.10665652,33.92957286,35.05284088,..
"PM2.5 air pollution, mean annual exposure (micrograms per cubic meter)",EN.ATM.PM25.MC.M3,Mozambique,MOZ,22.68514994,..,..,..,..,22.00218626,..,..,..,..,23.25243023,23.61494743,23.59782449,23.70516014,23.55656662,24.01223447,23.12560737,22.13970265,21.54200034,20.77406654,..
"PM2.5 air pollution, mean annual exposure (micrograms per cubic meter)",EN.ATM.PM25.MC.M3,Myanmar,MMR,33.39348749,..,..,..,..,36.57941224,..,..,..,..,37.52067534,31.16283822,34.9152645,36.13453786,32.27396916,31.18146951,32.41346793,29.10398763,29.57682003,29.43314277,..
"PM2.5 air pollution, mean annual exposure (micrograms per cubic meter)",EN.ATM.PM25.MC.M3,Namibia,NAM,25.48152446,..,..,..,..,24.55185999,..,..,..,..,26.5972148,27.57145532,27.34520834,26.65148554,26.0859573,26.93323269,25.6294934,25.16074037,24.74796538,24.19978552,..
"PM2.5 air pollution, mean annual exposure (micrograms per cubic meter)",EN.ATM.PM25.MC.M3,Nauru,NRU,5.714254314,..,..,..,..,5.69686128,..,..,..,..,5.408164988,5.298737139,5.209032839,5.299076463,5.163300753,5.531956166,5.971842703,5.830128348,5.866224431,5.857163356,..
"PM2.5 air pollution, mean annual exposure (micrograms per cubic meter)",EN.ATM.PM25.MC.M3,Nepal,NPL,67.03447171,..,..,..,..,69.70727002,..,..,..,..,77.14093136,78.11293037,86.99389723,86.3556379,94.81583099,88.68734566,91.49270402,80.62596922,82.68815279,83.10319363,..
"PM2.5 air pollution, mean annual exposure (micrograms per cubic meter)",EN.ATM.PM25.MC.M3,Netherlands,NLD,16.7914327,..,..,..,..,15.30183547,..,..,..,..,15.71146331,15.49744169,13.81230888,12.72082828,12.18576243,12.65099613,11.51731149,12.42053652,12.07642052,12.0392862,..
"PM2.5 air pollution, mean annual exposure (micrograms per cubic meter)",EN.ATM.PM25.MC.M3,New Caledonia,NCL,..,..,..,..,..,..,..,..,..,..,..,..,..,..,..,..,..,..,..,..,..
"PM2.5 air pollution, mean annual exposure (micrograms per cubic meter)",EN.ATM.PM25.MC.M3,New Zealand,NZL,6.76699141,..,..,..,..,6.348300787,..,..,..,..,6.30265652,6.112340412,6.234547703,6.263099945,6.052504463,6.007926029,6.081610072,5.983860739,6.034471375,6.048305496,..
"PM2.5 air pollution, mean annual exposure (micrograms per cubic meter)",EN.ATM.PM25.MC.M3,Nicaragua,NIC,21.72911591,..,..,..,..,23.06554667,..,..,..,..,21.39452778,23.87684453,21.51418461,23.46972436,21.43012396,21.89483769,21.10660159,19.79808272,20.55766527,20.43900913,..
"PM2.5 air pollution, mean annual exposure (micrograms per cubic meter)",EN.ATM.PM25.MC.M3,Niger,NER,76.8338891,..,..,..,..,79.28608804,..,..,..,..,78.00109729,80.46845613,78.61511118,70.63492378,69.29133601,87.52219262,85.25194829,78.03893543,79.91205868,80.10926696,..
"PM2.5 air pollution, mean annual exposure (micrograms per cubic meter)",EN.ATM.PM25.MC.M3,Nigeria,NGA,74.2567105,..,..,..,..,67.47106169,..,..,..,..,62.90328334,64.84236811,67.36461608,59.6854016,59.48444907,76.05337278,69.62587645,69.12074978,69.82257148,70.39625682,..
"PM2.5 air pollution, mean annual exposure (micrograms per cubic meter)",EN.ATM.PM25.MC.M3,North Macedonia,MKD,41.70419101,..,..,..,..,37.15307677,..,..,..,..,35.8443433,41.05690857,36.79534047,33.90486411,34.79278398,32.55975286,30.49533977,31.43565921,30.88528202,30.26931856,..
"PM2.5 air pollution, mean annual exposure (micrograms per cubic meter)",EN.ATM.PM25.MC.M3,Northern Mariana Islands,MNP,7.97776548,..,..,..,..,7.633029514,..,..,..,..,7.189279108,7.040822394,6.985875583,7.690390513,7.349006477,9.546252635,8.374308489,7.839653053,8.192170775,8.151978907,..
"PM2.5 air pollution, mean annual exposure (micrograms per cubic meter)",EN.ATM.PM25.MC.M3,Norway,NOR,10.09080673,..,..,..,..,8.168736987,..,..,..,..,8.099763965,9.050737279,7.555663741,7.27897533,7.454135917,7.00932544,6.594523915,6.652507161,6.695799295,6.642383374,..
"PM2.5 air pollution, mean annual exposure (micrograms per cubic meter)",EN.ATM.PM25.MC.M3,Oman,OMN,43.15936887,..,..,..,..,42.79003956,..,..,..,..,41.07175478,44.83063053,46.57105523,44.05922815,40.65538072,44.0639596,42.27135251,44.03325236,44.31794214,44.57247023,..
"PM2.5 air pollution, mean annual exposure (micrograms per cubic meter)",EN.ATM.PM25.MC.M3,Pakistan,PAK,57.71889497,..,..,..,..,55.20881643,..,..,..,..,59.60870032,59.98728468,65.41081339,66.84634548,70.94474538,66.9297544,68.7176409,61.75482212,62.39700577,62.57424987,..
"PM2.5 air pollution, mean annual exposure (micrograms per cubic meter)",EN.ATM.PM25.MC.M3,Palau,PLW,6.615598386,..,..,..,..,6.818266909,..,..,..,..,5.82930591,6.521075623,6.820763202,6.669478845,7.281334486,9.036533493,7.327135948,6.908076947,7.150738006,6.873805482,..
"PM2.5 air pollution, mean annual exposure (micrograms per cubic meter)",EN.ATM.PM25.MC.M3,Panama,PAN,16.61990036,..,..,..,..,16.00965098,..,..,..,..,15.4543969,15.44989787,14.92315966,15.47718389,15.45471741,15.97528537,14.43266888,13.86640498,13.63064322,13.20059479,..
"PM2.5 air pollution, mean annual exposure (micrograms per cubic meter)",EN.ATM.PM25.MC.M3,Papua New Guinea,PNG,16.74391589,..,..,..,..,14.99480834,..,..,..,..,17.35284731,16.33833033,15.98949513,16.10736574,15.7666112,16.54292665,16.6926953,15.94673725,16.26495641,16.2311858,..
"PM2.5 air pollution, mean annual exposure (micrograms per cubic meter)",EN.ATM.PM25.MC.M3,Paraguay,PRY,15.78350996,..,..,..,..,14.87514828,..,..,..,..,14.98227411,15.79855879,14.56556748,14.43912959,13.94629802,12.22763869,12.26387025,12.4836148,12.47939839,12.51891553,..
"PM2.5 air pollution, mean annual exposure (micrograms per cubic meter)",EN.ATM.PM25.MC.M3,Peru,PER,27.58052413,..,..,..,..,28.12519868,..,..,..,..,30.00974099,29.17575629,30.87318178,29.50216912,30.23785803,30.66320889,30.44623225,30.29525868,30.63848317,30.82669477,..
"PM2.5 air pollution, mean annual exposure (micrograms per cubic meter)",EN.ATM.PM25.MC.M3,Philippines,PHL,28.6033286,..,..,..,..,26.98519517,..,..,..,..,24.09308424,20.85443431,21.63680867,21.81288679,19.6970665,19.5380734,20.11007067,18.64126301,18.73649283,18.82613108,..
"PM2.5 air pollution, mean annual exposure (micrograms per cubic meter)",EN.ATM.PM25.MC.M3,Poland,POL,27.85155025,..,..,..,..,26.83820327,..,..,..,..,27.29182037,27.07180922,24.60328947,23.69389027,23.91940281,22.76911952,21.81786779,22.779038,22.74705532,22.6420051,..
"PM2.5 air pollution, mean annual exposure (micrograms per cubic meter)",EN.ATM.PM25.MC.M3,Portugal,PRT,11.7170415,..,..,..,..,10.95942529,..,..,..,..,9.88427534,10.58600078,9.261773306,8.917701837,8.77615963,8.893342519,7.921467562,8.478894344,8.29850884,8.254802244,..
"PM2.5 air pollution, mean annual exposure (micrograms per cubic meter)",EN.ATM.PM25.MC.M3,Puerto Rico,PRI,6.817300222,..,..,..,..,6.214736156,..,..,..,..,6.296361103,5.57145349,6.242564048,5.995986,6.131923431,6.720400954,6.772591917,6.74257415,6.841077504,6.85168132,..
"PM2.5 air pollution, mean annual exposure (micrograms per cubic meter)",EN.ATM.PM25.MC.M3,Qatar,QAT,77.779763,..,..,..,..,82.72531438,..,..,..,..,79.06584644,81.22257259,85.96686769,81.2898681,72.73980041,84.9982268,76.14228614,78.38698962,77.11333116,76.04929303,..
"PM2.5 air pollution, mean annual exposure (micrograms per cubic meter)",EN.ATM.PM25.MC.M3,Romania,ROU,19.83799172,..,..,..,..,18.68745983,..,..,..,..,18.48995556,19.50868234,17.84168596,16.48954454,16.55872786,16.09492405,15.19734324,15.71390854,15.69941205,15.67108952,..
"PM2.5 air pollution, mean annual exposure (micrograms per cubic meter)",EN.ATM.PM25.MC.M3,Russian Federation,RUS,15.37937317,..,..,..,..,14.34288935,..,..,..,..,15.27774638,13.63707838,13.65876761,13.90976132,13.93528348,12.87477297,12.17632027,11.52259599,11.62978513,11.59553193,..
"PM2.5 air pollution, mean annual exposure (micrograms per cubic meter)",EN.ATM.PM25.MC.M3,Rwanda,RWA,38.80035805,..,..,..,..,35.81545959,..,..,..,..,36.27169287,37.75459321,40.28931528,38.04487801,37.75661455,38.64241689,38.48510282,35.57288206,36.6600241,36.18491574,..
"PM2.5 air pollution, mean annual exposure (micrograms per cubic meter)",EN.ATM.PM25.MC.M3,Samoa,WSM,11.04364215,..,..,..,..,11.55631281,..,..,..,..,11.10471801,10.70804506,10.78258779,10.86783061,11.14080727,11.01634581,11.31508398,10.90094994,11.0444457,11.01483371,..
"PM2.5 air pollution, mean annual exposure (micrograms per cubic meter)",EN.ATM.PM25.MC.M3,San Marino,SMR,11.15518103,..,..,..,..,10.37952566,..,..,..,..,9.017566285,9.723372737,9.488658091,9.261669606,9.701666602,10.00739323,9.847828442,9.795344364,9.981823299,9.906728131,..
"PM2.5 air pollution, mean annual exposure (micrograms per cubic meter)",EN.ATM.PM25.MC.M3,Sao Tome and Principe,STP,34.15202995,..,..,..,..,34.46843181,..,..,..,..,30.47158597,32.12056277,29.38329504,30.76797737,28.00675623,36.14480676,34.73052829,29.99540715,31.12162978,31.05885758,..
"PM2.5 air pollution, mean annual exposure (micrograms per cubic meter)",EN.ATM.PM25.MC.M3,Saudi Arabia,SAU,57.83613661,..,..,..,..,60.18568335,..,..,..,..,62.92279434,64.95237113,67.67731877,65.06263762,56.51070298,66.82087377,59.60073601,63.89713488,61.90085192,61.50824107,..
"PM2.5 air pollution, mean annual exposure (micrograms per cubic meter)",EN.ATM.PM25.MC.M3,Senegal,SEN,63.66018386,..,..,..,..,56.80914644,..,..,..,..,56.68739592,58.02145733,64.50905978,53.04187379,55.40981308,65.39361923,59.47930794,63.42037083,60.0827093,60.21139678,..
"PM2.5 air pollution, mean annual exposure (micrograms per cubic meter)",EN.ATM.PM25.MC.M3,Serbia,SRB,33.01938236,..,..,..,..,31.3759518,..,..,..,..,31.39235052,33.88729136,30.48810995,28.69870346,28.20153736,27.89252544,25.34308507,26.41632295,25.88760434,25.35417205,..
"PM2.5 air pollution, mean annual exposure (micrograms per cubic meter)",EN.ATM.PM25.MC.M3,Seychelles,SYC,16.37744579,..,..,..,..,15.8964359,..,..,..,..,15.1257082,16.5159476,16.05158537,15.87951496,15.1301922,15.31346781,15.98290713,15.88743775,15.60358619,15.5639189,..
"PM2.5 air pollution, mean annual exposure (micrograms per cubic meter)",EN.ATM.PM25.MC.M3,Sierra Leone,SLE,50.41239821,..,..,..,..,49.70736055,..,..,..,..,46.33948449,51.02064483,49.58465165,44.13942031,46.18555659,55.08583208,53.91337358,50.18179276,50.8684225,51.09606544,..
"PM2.5 air pollution, mean annual exposure (micrograms per cubic meter)",EN.ATM.PM25.MC.M3,Singapore,SGP,18.36867682,..,..,..,..,16.01396045,..,..,..,..,15.07604341,16.42814491,17.53182291,18.59998502,17.73247308,18.29501195,17.63850257,18.55801565,18.49335298,18.76588248,..
"PM2.5 air pollution, mean annual exposure (micrograms per cubic meter)",EN.ATM.PM25.MC.M3,Sint Maarten (Dutch part),SXM,..,..,..,..,..,..,..,..,..,..,..,..,..,..,..,..,..,..,..,..,..
"PM2.5 air pollution, mean annual exposure (micrograms per cubic meter)",EN.ATM.PM25.MC.M3,Slovak Republic,SVK,22.72320586,..,..,..,..,22.19434728,..,..,..,..,21.47373959,22.60332523,20.33063119,19.63711495,19.3125724,19.11555836,17.8694289,18.2454102,18.49542534,18.36521464,..
"PM2.5 air pollution, mean annual exposure (micrograms per cubic meter)",EN.ATM.PM25.MC.M3,Slovenia,SVN,22.23019169,..,..,..,..,21.12988842,..,..,..,..,19.19737442,20.9420236,18.59905794,18.4258514,18.05674056,17.92089482,16.52950459,16.70789043,17.08366574,16.96940443,..
"PM2.5 air pollution, mean annual exposure (micrograms per cubic meter)",EN.ATM.PM25.MC.M3,Solomon Islands,SLB,10.60395119,..,..,..,..,11.02061012,..,..,..,..,12.10848854,11.69813051,11.76206355,12.07044801,12.31045976,12.49008643,12.81538467,12.32052248,12.75980934,12.89495904,..
"PM2.5 air pollution, mean annual exposure (micrograms per cubic meter)",EN.ATM.PM25.MC.M3,Somalia,SOM,30.39747836,..,..,..,..,26.5204689,..,..,..,..,27.81831288,30.33188409,31.3100816,30.10150263,28.71473783,28.41561243,28.00473928,29.95291683,29.76843426,30.36142727,..
"PM2.5 air pollution, mean annual exposure (micrograms per cubic meter)",EN.ATM.PM25.MC.M3,South Africa,ZAF,28.69361318,..,..,..,..,27.03090776,..,..,..,..,29.39830185,29.45389805,29.16575633,28.7701453,28.99888476,29.23503061,28.72137557,28.8576422,28.75401758,28.67475434,..
"PM2.5 air pollution, mean annual exposure (micrograms per cubic meter)",EN.ATM.PM25.MC.M3,South Sudan,SSD,41.34572294,..,..,..,..,39.49592692,..,..,..,..,39.24576366,41.0035213,41.19727621,40.22177745,35.86344781,40.60479868,37.94147452,38.66290029,37.97705763,37.55277786,..
"PM2.5 air pollution, mean annual exposure (micrograms per cubic meter)",EN.ATM.PM25.MC.M3,Spain,ESP,13.6642286,..,..,..,..,12.34932779,..,..,..,..,11.49190106,12.44203689,11.17997141,10.3607232,9.830912644,10.53568076,9.576497124,9.749324875,9.769206907,9.728788477,..
"PM2.5 air pollution, mean annual exposure (micrograms per cubic meter)",EN.ATM.PM25.MC.M3,Sri Lanka,LKA,24.17892698,..,..,..,..,24.07469414,..,..,..,..,24.69380238,21.56928542,22.42414797,22.99523942,20.96900691,18.97034499,20.7396319,19.92492371,19.69446106,19.96439581,..
"PM2.5 air pollution, mean annual exposure (micrograms per cubic meter)",EN.ATM.PM25.MC.M3,St. Kitts and Nevis,KNA,8.634030166,..,..,..,..,7.864959375,..,..,..,..,8.104640488,7.323219482,7.966169748,7.730147535,7.579156473,8.593255996,8.801879674,8.556462116,8.770852336,8.789142812,..
"PM2.5 air pollution, mean annual exposure (micrograms per cubic meter)",EN.ATM.PM25.MC.M3,St. Lucia,LCA,21.85873031,..,..,..,..,19.86449855,..,..,..,..,19.89151671,19.11755404,20.05991754,20.17665798,20.14066609,21.86217654,21.04710708,20.75716759,21.15799134,21.22131742,..
"PM2.5 air pollution, mean annual exposure (micrograms per cubic meter)",EN.ATM.PM25.MC.M3,St. Martin (French part),MAF,..,..,..,..,..,..,..,..,..,..,..,..,..,..,..,..,..,..,..,..,..
"PM2.5 air pollution, mean annual exposure (micrograms per cubic meter)",EN.ATM.PM25.MC.M3,St. Vincent and the Grenadines,VCT,21.95636265,..,..,..,..,19.90198884,..,..,..,..,19.79811789,19.03173268,19.92158144,19.94906515,20.05605524,21.74047554,20.91035722,20.73036472,21.05824537,21.12973864,..
"PM2.5 air pollution, mean annual exposure (micrograms per cubic meter)",EN.ATM.PM25.MC.M3,Sudan,SDN,50.10416571,..,..,..,..,51.32188604,..,..,..,..,52.82073801,54.42324069,54.8566288,52.4865762,46.72140545,52.80306653,51.51145712,53.48836405,53.77109049,54.67729786,..
"PM2.5 air pollution, mean annual exposure (micrograms per cubic meter)",EN.ATM.PM25.MC.M3,Suriname,SUR,31.59115168,..,..,..,..,23.88703156,..,..,..,..,22.73742598,20.81608138,25.07836422,22.56714849,22.592664,26.58467637,23.12808666,22.80583417,22.04999577,21.17742119,..
"PM2.5 air pollution, mean annual exposure (micrograms per cubic meter)",EN.ATM.PM25.MC.M3,Sweden,SWE,8.433887717,..,..,..,..,7.30670874,..,..,..,..,7.400644792,7.469532494,6.170044152,6.171492562,6.454065914,5.870147043,5.44671115,5.693011634,5.688407622,5.647572855,..
"PM2.5 air pollution, mean annual exposure (micrograms per cubic meter)",EN.ATM.PM25.MC.M3,Switzerland,CHE,14.88087098,..,..,..,..,13.06616084,..,..,..,..,13.15189172,13.81779708,12.71146517,12.47195588,10.60883998,11.59075488,10.60281759,9.854778198,10.15005926,9.902709701,..
"PM2.5 air pollution, mean annual exposure (micrograms per cubic meter)",EN.ATM.PM25.MC.M3,Syrian Arab Republic,SYR,29.91257847,..,..,..,..,31.16942288,..,..,..,..,35.54506403,32.78115955,31.68059462,33.17491042,32.65425575,33.99185965,31.86869856,31.4019564,31.37040945,30.95362503,..
"PM2.5 air pollution, mean annual exposure (micrograms per cubic meter)",EN.ATM.PM25.MC.M3,Tajikistan,TJK,40.96379882,..,..,..,..,32.78807708,..,..,..,..,34.51170734,46.03697934,41.23014791,42.28231885,39.63461873,38.97318659,38.13679678,38.4793437,38.14076689,38.31858602,..
"PM2.5 air pollution, mean annual exposure (micrograms per cubic meter)",EN.ATM.PM25.MC.M3,Tanzania,TZA,24.45378932,..,..,..,..,24.91499035,..,..,..,..,26.43302182,28.24026641,28.91642749,27.84689732,27.20432638,28.36614872,27.81900362,25.3263334,25.50347928,24.74048013,..
"PM2.5 air pollution, mean annual exposure (micrograms per cubic meter)",EN.ATM.PM25.MC.M3,Thailand,THA,34.53332391,..,..,..,..,35.32246182,..,..,..,..,35.4185359,29.91406001,31.34154258,33.7865692,29.43028859,28.04174447,30.69239101,26.93362982,27.48165939,27.40271356,..
"PM2.5 air pollution, mean annual exposure (micrograms per cubic meter)",EN.ATM.PM25.MC.M3,Timor-Leste,TLS,17.29704116,..,..,..,..,16.77624805,..,..,..,..,17.23567916,16.40831114,17.20652719,16.13110733,16.18184039,15.77724688,16.95211573,15.69097484,15.51584391,15.65130893,..
"PM2.5 air pollution, mean annual exposure (micrograms per cubic meter)",EN.ATM.PM25.MC.M3,Togo,TGO,50.96507963,..,..,..,..,43.52693562,..,..,..,..,43.37426449,43.41716078,45.21821252,40.29245507,40.66206069,51.06406404,48.26087382,46.51135326,46.39462374,46.21037553,..
"PM2.5 air pollution, mean annual exposure (micrograms per cubic meter)",EN.ATM.PM25.MC.M3,Tonga,TON,10.90395976,..,..,..,..,10.91209119,..,..,..,..,10.89494195,10.6046872,10.65130025,10.65422797,10.6865204,10.40546856,10.7168388,10.723832,10.60572192,10.58622123,..
"PM2.5 air pollution, mean annual exposure (micrograms per cubic meter)",EN.ATM.PM25.MC.M3,Trinidad and Tobago,TTO,21.56575577,..,..,..,..,19.3594652,..,..,..,..,20.12399348,19.82404669,20.21083792,20.3861167,20.63455256,22.36411414,21.74480107,21.3879586,21.87542393,21.97072547,..
"PM2.5 air pollution, mean annual exposure (micrograms per cubic meter)",EN.ATM.PM25.MC.M3,Tunisia,TUN,34.07548389,..,..,..,..,31.66796588,..,..,..,..,34.11834281,31.08552131,30.38558265,29.75488893,32.50654257,31.03674122,32.78407402,29.84147507,30.61001314,30.42981942,..
"PM2.5 air pollution, mean annual exposure (micrograms per cubic meter)",EN.ATM.PM25.MC.M3,Turkiye,TUR,26.78376487,..,..,..,..,25.96758518,..,..,..,..,28.91206034,27.60700271,27.12238118,27.81978844,27.78269564,28.61166279,27.7790227,26.28925045,26.54401982,26.03180162,..
"PM2.5 air pollution, mean annual exposure (micrograms per cubic meter)",EN.ATM.PM25.MC.M3,Turkmenistan,TKM,28.73172483,..,..,..,..,21.93514106,..,..,..,..,26.09846929,32.27881291,30.77259876,30.55977858,30.61966084,28.62109508,27.51227497,27.12775327,26.54690284,26.19766251,..
"PM2.5 air pollution, mean annual exposure (micrograms per cubic meter)",EN.ATM.PM25.MC.M3,Turks and Caicos Islands,TCA,..,..,..,..,..,..,..,..,..,..,..,..,..,..,..,..,..,..,..,..,..
"PM2.5 air pollution, mean annual exposure (micrograms per cubic meter)",EN.ATM.PM25.MC.M3,Tuvalu,TUV,5.753374294,..,..,..,..,5.857286137,..,..,..,..,5.605062226,5.379974113,5.365913304,5.35187548,5.553116321,5.62828047,6.095297225,6.001982186,6.03834377,6.02840838,..
"PM2.5 air pollution, mean annual exposure (micrograms per cubic meter)",EN.ATM.PM25.MC.M3,Uganda,UGA,39.92874967,..,..,..,..,36.4345178,..,..,..,..,38.79164944,41.56924447,42.79371506,42.01385372,40.76668868,43.15615417,41.73858584,38.52500218,37.19901219,35.21822646,..
"PM2.5 air pollution, mean annual exposure (micrograms per cubic meter)",EN.ATM.PM25.MC.M3,Ukraine,UKR,19.38182436,..,..,..,..,18.99706651,..,..,..,..,18.77805621,18.1284545,17.5138754,17.66327367,17.26757325,16.65075046,14.9203705,14.51117826,14.6057706,14.53144476,..
"PM2.5 air pollution, mean annual exposure (micrograms per cubic meter)",EN.ATM.PM25.MC.M3,United Arab Emirates,ARE,43.64834394,..,..,..,..,43.18399077,..,..,..,..,43.5280748,45.90353609,47.64094019,44.3465132,41.09563287,45.90634891,43.22089056,43.82369016,43.81418539,43.66702552,..
"PM2.5 air pollution, mean annual exposure (micrograms per cubic meter)",EN.ATM.PM25.MC.M3,United Kingdom,GBR,14.85608116,..,..,..,..,13.33739937,..,..,..,..,12.42896791,12.99522944,11.43181815,11.42279633,10.88658588,10.37250919,10.21445169,10.35539774,10.17141578,10.09284402,..
"PM2.5 air pollution, mean annual exposure (micrograms per cubic meter)",EN.ATM.PM25.MC.M3,United States,USA,11.94563014,..,..,..,..,10.91341302,..,..,..,..,9.221851825,9.26299254,8.869988146,8.64162897,8.433002378,8.163752791,7.378939412,7.74468451,7.775115257,7.663692516,..
"PM2.5 air pollution, mean annual exposure (micrograms per cubic meter)",EN.ATM.PM25.MC.M3,Uruguay,URY,10.1405298,..,..,..,..,9.082839158,..,..,..,..,9.418435717,9.677654528,9.304554903,10.32843869,9.886206715,9.935544433,9.895116598,9.535755186,9.579838998,9.533862914,..
"PM2.5 air pollution, mean annual exposure (micrograms per cubic meter)",EN.ATM.PM25.MC.M3,Uzbekistan,UZB,37.00236184,..,..,..,..,31.30170584,..,..,..,..,32.29140696,41.43852028,39.02130032,39.4845918,37.5033592,35.48586783,35.1167798,35.06871307,34.78486605,34.78609557,..
"PM2.5 air pollution, mean annual exposure (micrograms per cubic meter)",EN.ATM.PM25.MC.M3,Vanuatu,VUT,13.24702364,..,..,..,..,12.48759874,..,..,..,..,13.16791653,13.22117063,12.84788559,13.28704919,13.03072112,12.52967863,13.07494413,12.8929333,12.89853604,12.88296752,..
"PM2.5 air pollution, mean annual exposure (micrograms per cubic meter)",EN.ATM.PM25.MC.M3,"Venezuela, RB",VEN,21.46914658,..,..,..,..,20.93139471,..,..,..,..,23.04711653,24.33177624,22.43318785,22.52866596,21.94482038,22.22732307,21.83009872,21.45612493,21.67255829,21.74698878,..
"PM2.5 air pollution, mean annual exposure (micrograms per cubic meter)",EN.ATM.PM25.MC.M3,Viet Nam,VNM,25.66637392,..,..,..,..,26.45818252,..,..,..,..,27.10947116,23.78443184,23.62616281,25.2377872,22.34041158,21.82366181,22.54560976,20.47951266,20.5326508,20.3898157,..
"PM2.5 air pollution, mean annual exposure (micrograms per cubic meter)",EN.ATM.PM25.MC.M3,Virgin Islands (U.S.),VIR,8.675964872,..,..,..,..,7.884689012,..,..,..,..,8.184549513,7.284503794,8.13579952,7.829568,7.804119282,8.704295452,8.904008645,8.824996753,8.966864965,8.996021018,..
"PM2.5 air pollution, mean annual exposure (micrograms per cubic meter)",EN.ATM.PM25.MC.M3,West Bank and Gaza,PSE,31.57183418,..,..,..,..,32.92590812,..,..,..,..,36.06128484,33.87448361,32.78220108,35.79313049,34.50384906,35.3216485,31.47268397,32.14535358,31.89103296,31.30254529,..
"PM2.5 air pollution, mean annual exposure (micrograms per cubic meter)",EN.ATM.PM25.MC.M3,"Yemen, Rep.",YEM,48.62243832,..,..,..,..,43.50002991,..,..,..,..,44.68925506,48.88552552,54.41184561,51.40472879,43.69608477,48.33063334,44.95047945,46.44225626,45.14403975,44.46696713,..
"PM2.5 air pollution, mean annual exposure (micrograms per cubic meter)",EN.ATM.PM25.MC.M3,Zambia,ZMB,26.61195132,..,..,..,..,26.10704001,..,..,..,..,27.02852733,28.11089482,28.3606157,27.28505272,27.34918603,28.26273741,27.40906413,26.18112194,26.34770053,25.92546019,..
"PM2.5 air pollution, mean annual exposure (micrograms per cubic meter)",EN.ATM.PM25.MC.M3,Zimbabwe,ZWE,23.89897215,..,..,..,..,23.60684227,..,..,..,..,24.59143017,26.25681984,26.28825071,25.51128869,26.14668826,25.92895692,25.32739516,22.58245063,22.08555546,20.83469969,..
,,,,,,,,,,,,,,,,,,,,,,,,
,,,,,,,,,,,,,,,,,,,,,,,,
,,,,,,,,,,,,,,,,,,,,,,,,
Data from database: World Development Indicators,,,,,,,,,,,,,,,,,,,,,,,,
Last Updated: 03/28/2024,,,,,,,,,,,,,,,,,,,,,,,,
